timestamp,cam,local_uid,master_id,expected,actual,diff,margin,status
081952_961,USB_LOCAL,USB_LOCAL_001,20260127_081946_617,1769669225.854,29992.961,-1769639232.893,1.0,OUT_OF_MARGIN
081954_984,USB_LOCAL,USB_LOCAL_002,20260127_081946_617,1769669225.854,29994.984,-1769639230.87,1.0,OUT_OF_MARGIN
081956_965,USB_LOCAL,USB_LOCAL_003,20260127_081946_617,1769669225.854,29996.965,-1769639228.889,1.0,OUT_OF_MARGIN
081958_989,USB_LOCAL,USB_LOCAL_004,20260127_081946_617,1769669225.854,29998.989,-1769639226.865,1.0,OUT_OF_MARGIN
082000_970,USB_LOCAL,USB_LOCAL_005,20260127_081946_617,1769669225.854,30000.97,-1769639224.884,1.0,OUT_OF_MARGIN
082005_016,USB_LOCAL,USB_LOCAL_006,20260127_081946_617,1769669225.854,30005.016,-1769639220.838,1.0,OUT_OF_MARGIN
082007_040,USB_LOCAL,USB_LOCAL_007,20260127_081946_617,1769669225.854,30007.04,-1769639218.814,1.0,OUT_OF_MARGIN
082009_021,USB_LOCAL,USB_LOCAL_008,20260127_081946_617,1769669225.854,30009.021,-1769639216.833,1.0,OUT_OF_MARGIN
082009_464,RPI_USB1,RPI_USB1_001,N/A,0,0,0,0,EMPTY_QUEUE
082010_269,RPI_USB1,RPI_USB1_002,N/A,0,0,0,0,EMPTY_QUEUE
082012_035,USB_LOCAL,USB_LOCAL_009,20260127_081946_617,1769669225.854,30012.035,-1769639213.819,1.0,OUT_OF_MARGIN
082012_985,USB_LOCAL,USB_LOCAL_010,20260127_081946_617,1769669225.854,30012.985,-1769639212.869,1.0,OUT_OF_MARGIN
082013_489,RPI_USB1,RPI_USB1_003,N/A,0,0,0,0,EMPTY_QUEUE
082015_095,RPI_USB1,RPI_USB1_004,N/A,0,0,0,0,EMPTY_QUEUE
082017_508,RPI_USB1,RPI_USB1_005,N/A,0,0,0,0,EMPTY_QUEUE
082018_023,USB_LOCAL,USB_LOCAL_011,20260127_081946_617,1769669225.854,30018.023,-1769639207.831,1.0,OUT_OF_MARGIN
082019_054,USB_LOCAL,USB_LOCAL_012,20260127_081946_617,1769669225.854,30019.054,-1769639206.8,1.0,OUT_OF_MARGIN
082019_229,RPI_USB2,RPI_USB2_001,N/A,0,0,0,0,EMPTY_QUEUE
082020_323,RPI_USB1,RPI_USB1_006,N/A,0,0,0,0,EMPTY_QUEUE
082020_437,RPI_USB2,RPI_USB2_002,N/A,0,0,0,0,EMPTY_QUEUE
082023_020,USB_LOCAL,USB_LOCAL_013,20260127_081946_617,1769669225.854,30023.02,-1769639202.834,1.0,OUT_OF_MARGIN
082023_139,RPI_USB1,RPI_USB1_007,N/A,0,0,0,0,EMPTY_QUEUE
082023_254,RPI_USB2,RPI_USB2_003,N/A,0,0,0,0,EMPTY_QUEUE
082025_040,USB_LOCAL,USB_LOCAL_014,20260127_081946_617,1769669225.854,30025.04,-1769639200.814,1.0,OUT_OF_MARGIN
082025_152,RPI_USB1,RPI_USB1_008,N/A,0,0,0,0,EMPTY_QUEUE
082025_263,RPI_USB2,RPI_USB2_004,N/A,0,0,0,0,EMPTY_QUEUE
082027_062,USB_LOCAL,USB_LOCAL_015,20260127_081946_617,1769669225.854,30027.062,-1769639198.792,1.0,OUT_OF_MARGIN
082027_274,RPI_USB2,RPI_USB2_005,N/A,0,0,0,0,EMPTY_QUEUE
082027_968,RPI_USB1,RPI_USB1_009,N/A,0,0,0,0,EMPTY_QUEUE
082028_591,RPI_USB3,RPI_USB3_001,N/A,0,0,0,0,EMPTY_QUEUE
082029_085,USB_LOCAL,USB_LOCAL_016,20260127_081946_617,1769669225.854,30029.085,-1769639196.769,1.0,OUT_OF_MARGIN
082029_177,RPI_USB1,RPI_USB1_010,N/A,0,0,0,0,EMPTY_QUEUE
082029_393,RPI_USB3,RPI_USB3_002,N/A,0,0,0,0,EMPTY_QUEUE
082029_796,RPI_USB3,RPI_USB3_003,N/A,0,0,0,0,EMPTY_QUEUE
082029_796,RPI_USB3,RPI_USB3_004,N/A,0,0,0,0,EMPTY_QUEUE
082030_495,RPI_USB2,RPI_USB2_006,N/A,0,0,0,0,EMPTY_QUEUE
082031_406,RPI_USB3,RPI_USB3_005,N/A,0,0,0,0,EMPTY_QUEUE
082032_211,RPI_USB3,RPI_USB3_006,N/A,0,0,0,0,EMPTY_QUEUE
082032_211,RPI_USB3,RPI_USB3_007,N/A,0,0,0,0,EMPTY_QUEUE
082033_312,RPI_USB2,RPI_USB2_007,N/A,0,0,0,0,EMPTY_QUEUE
082033_818,RPI_USB3,RPI_USB3_008,N/A,0,0,0,0,EMPTY_QUEUE
082034_208,RPI_USB1,RPI_USB1_011,N/A,0,0,0,0,EMPTY_QUEUE
082035_324,RPI_USB2,RPI_USB2_008,N/A,0,0,0,0,EMPTY_QUEUE
082035_812,RPI_USB1,RPI_USB1_012,N/A,0,0,0,0,EMPTY_QUEUE
082035_830,RPI_USB3,RPI_USB3_009,N/A,0,0,0,0,EMPTY_QUEUE
082035_830,RPI_USB3,RPI_USB3_010,N/A,0,0,0,0,EMPTY_QUEUE
082037_439,RPI_USB3,RPI_USB3_011,N/A,0,0,0,0,EMPTY_QUEUE
082037_740,RPI_USB2,RPI_USB2_009,N/A,0,0,0,0,EMPTY_QUEUE
082038_648,RPI_USB3,RPI_USB3_012,N/A,0,0,0,0,EMPTY_QUEUE
082039_028,RPI_USB1,RPI_USB1_013,N/A,0,0,0,0,EMPTY_QUEUE
082039_348,RPI_USB2,RPI_USB2_010,N/A,0,0,0,0,EMPTY_QUEUE
082039_451,RPI_USB3,RPI_USB3_013,N/A,0,0,0,0,EMPTY_QUEUE
082040_234,RPI_USB1,RPI_USB1_014,N/A,0,0,0,0,EMPTY_QUEUE
082041_463,RPI_USB3,RPI_USB3_014,N/A,0,0,0,0,EMPTY_QUEUE
082041_842,RPI_USB1,RPI_USB1_015,N/A,0,0,0,0,EMPTY_QUEUE
082042_667,RPI_USB3,RPI_USB3_015,N/A,0,0,0,0,EMPTY_QUEUE
082043_450,RPI_USB1,RPI_USB1_016,N/A,0,0,0,0,EMPTY_QUEUE
082043_875,RPI_USB3,RPI_USB3_016,N/A,0,0,0,0,EMPTY_QUEUE
082044_173,RPI_USB2,RPI_USB2_011,N/A,0,0,0,0,EMPTY_QUEUE
082044_661,RPI_USB1,RPI_USB1_017,N/A,0,0,0,0,EMPTY_QUEUE
082045_083,RPI_USB3,RPI_USB3_017,N/A,0,0,0,0,EMPTY_QUEUE
082045_259,RPI_USB2,RPI_USB2_012,N/A,0,0,0,0,EMPTY_QUEUE
082045_577,RPI_USB2,RPI_USB2_013,N/A,0,0,0,0,EMPTY_QUEUE
082046_271,RPI_USB1,RPI_USB1_018,N/A,0,0,0,0,EMPTY_QUEUE
082046_691,RPI_USB3,RPI_USB3_018,N/A,0,0,0,0,EMPTY_QUEUE
082047_497,RPI_USB3,RPI_USB3_019,N/A,0,0,0,0,EMPTY_QUEUE
082047_896,RPI_USB3,RPI_USB3_020,N/A,0,0,0,0,EMPTY_QUEUE
082049_197,RPI_USB2,RPI_USB2_014,N/A,0,0,0,0,EMPTY_QUEUE
082050_312,RPI_USB3,RPI_USB3_021,N/A,0,0,0,0,EMPTY_QUEUE
082050_812,RPI_USB2,RPI_USB2_015,N/A,0,0,0,0,EMPTY_QUEUE
082051_516,RPI_USB3,RPI_USB3_022,N/A,0,0,0,0,EMPTY_QUEUE
082052_819,RPI_USB2,RPI_USB2_016,N/A,0,0,0,0,EMPTY_QUEUE
082053_128,RPI_USB3,RPI_USB3_023,N/A,0,0,0,0,EMPTY_QUEUE
082054_737,RPI_USB3,RPI_USB3_024,N/A,0,0,0,0,EMPTY_QUEUE
082056_749,RPI_USB3,RPI_USB3_025,N/A,0,0,0,0,EMPTY_QUEUE
082057_555,RPI_USB3,RPI_USB3_026,N/A,0,0,0,0,EMPTY_QUEUE
082057_953,RPI_USB3,RPI_USB3_027,N/A,0,0,0,0,EMPTY_QUEUE
082058_757,RPI_USB3,RPI_USB3_028,N/A,0,0,0,0,EMPTY_QUEUE
082059_965,RPI_USB3,RPI_USB3_029,N/A,0,0,0,0,EMPTY_QUEUE
082101_173,RPI_USB3,RPI_USB3_030,N/A,0,0,0,0,EMPTY_QUEUE
082101_977,RPI_USB3,RPI_USB3_031,N/A,0,0,0,0,EMPTY_QUEUE
082102_379,RPI_USB3,RPI_USB3_032,N/A,0,0,0,0,EMPTY_QUEUE
082103_586,RPI_USB3,RPI_USB3_033,N/A,0,0,0,0,EMPTY_QUEUE
082103_586,RPI_USB3,RPI_USB3_034,N/A,0,0,0,0,EMPTY_QUEUE
082104_392,RPI_USB3,RPI_USB3_035,N/A,0,0,0,0,EMPTY_QUEUE
082105_598,RPI_USB3,RPI_USB3_036,N/A,0,0,0,0,EMPTY_QUEUE
082105_598,RPI_USB3,RPI_USB3_037,N/A,0,0,0,0,EMPTY_QUEUE
082106_807,RPI_USB3,RPI_USB3_038,N/A,0,0,0,0,EMPTY_QUEUE
082107_610,RPI_USB3,RPI_USB3_039,N/A,0,0,0,0,EMPTY_QUEUE
